название;цена;код товара;наличие;ссылка
Fallout Shelter. Настольная игра;3 990;85531;в наличии;https://hobbygames.ru/fallout-shelter-nastolnaja-igra
Немезида;11 990;74137;в наличии;https://hobbygames.ru/nemezida
Неудержимые единорожки 18+;990;86459;в наличии;https://hobbygames.ru/neuderzhimie-edinorozhki-18
Каркассон: Юбилейное издание;2 490;85771;в наличии;https://hobbygames.ru/karkasson-jubilejnoe-izdanie
Ужас Аркхэма. Карточная игра;2 490;65862;в наличии;https://hobbygames.ru/uzhas-arkhjema-kartochnaja-igra
Властелин колец: Странствия в Средиземье;6 990;73699;в наличии;https://hobbygames.ru/vlastelin-kolec-stranstvija-v-sredizeme
Особняки безумия. Вторая редакция;6 990;73051;в наличии;https://hobbygames.ru/osobnjaki-bezumija-vtoraja-redakcija
Gloomhaven. Мрачная Гавань;11 990;67629;в наличии;https://hobbygames.ru/gloomhaven-mrachnaja-gavan
Взрывные котята: Разрывные котята;890;83801;в наличии;https://hobbygames.ru/vzrivnie-kotjata-razrivnie-kotjata
Древний Ужас;4 490;41057;в наличии;https://hobbygames.ru/drevnij-uzhas
Настольная игра Fallout;3 990;68375;в наличии;https://hobbygames.ru/fallout-nastolnaja-igra
Бэнг!;890;33357;в наличии;https://hobbygames.ru/bjeng
Бункер;2 490;79009;в наличии;https://hobbygames.ru/bunker
Взрывные котята;890;69643;в наличии;https://hobbygames.ru/vzrivnie-kotjata
Герои Терринота;1 868;70506;в наличии;https://hobbygames.ru/geroi-terrinota
Манчкин;990;36301;в наличии;https://hobbygames.ru/manchkin
Каркассон;1 490;72557;в наличии;https://hobbygames.ru/karkasson
Эверделл;4 990;77423;в наличии;https://hobbygames.ru/jeverdell
Ticket to Ride: Европа;3 490;31458;в наличии;https://hobbygames.ru/ticket-to-ride-evropa-izdanie-na-russkom-jazike
Ужас Аркхэма. Третья редакция;4 690;72179;в наличии;https://hobbygames.ru/uzhas-arkhjema-tretja-redakcija
Зона: Тайны Чернобыля;4 990;77759;в наличии;https://hobbygames.ru/zona-tajni-chernobilja
Особняки безумия. Вторая редакция: Путь змеи;4 290;85530;в наличии;https://hobbygames.ru/osobnjaki-bezumija-vtoraja-redakcija-put-zmei
Цитадели Делюкс;1 990;63129;в наличии;https://hobbygames.ru/citadeli-deljuks
Серп;6 590;63262;в наличии;https://hobbygames.ru/serp
Ужас Аркхэма. Карточная игра: Война Внешних богов;890;85866;в наличии;https://hobbygames.ru/uzhas-arkhjema-kartochnaja-igra-vojna-vneshnih-bogov
Эпичные схватки боевых магов: Битва на горе Черепламени;1 490;80272;в наличии;https://hobbygames.ru/jepichnie-shvatki-boevih-magov-bitva-na-gore-chereplameni
Catan: Колонизаторы;2 990;56037;в наличии;https://hobbygames.ru/catan
Взрывные котята 18+;890;74570;в наличии;https://hobbygames.ru/vzrivnie-kotjata-18
Предназначение;4 490;85529;в наличии;https://hobbygames.ru/prednaznachenie
Место преступления;2 490;68502;в наличии;https://hobbygames.ru/mesto-prestuplenija
